k,zero_one_accuracy,mean_swaps,runtime,n_eval
20,0.9770992366412213,0.030534351145038167,340.37402057647705,131
10,0.9695,0.04,215.00,131
5,0.8931,0.21,266.96,131
3,0.8000,0.35,255.00,131
1,0.7023,0.76,297.08,131
0,0.4385,1.49,288.99,130