{
  "k": 5,
  "model": "llama3.1-8b",
  "split": "test",
  "zero_one_accuracy": 0.8846153846153846,
  "mean_min_swaps": 0.2153846153846154,
  "mean_n_correct_groups": 3.7,
  "mean_correct_word_count": 15.584615384615384,
  "mean_inference_time_sec": 2.137431095381572,
  "total_inference_time_sec": 277.86604239960434,
  "n_eval": 130
}