k,zero_one_accuracy,mean_swaps,n_eval
0,0.4230769230769231,1.5153846153846153,130
1,0.7099236641221374,0.7175572519083969,131
3,0.8473282442748091,0.3053435114503817,131
5,0.8702290076335878,0.3053435114503817,131
10,0.9540229885057471,0.05747126436781609,87
20,1.0,0.0,5
